{"cameraMode":{"drawMode":0,"name":"Shaded","section":"Shading Mode"},"sceneLighting":true,"audioPlay":false,"sceneViewState":{"m_AlwaysRefresh":false,"showFog":true,"showSkybox":true,"showFlares":true,"showImageEffects":true,"showParticleSystems":true,"showVisualEffectGraphs":true,"m_FxEnabled":true},"in2DMode":false,"pivot":{"x":2.9766602516174318,"y":5.745112419128418,"z":0.8848609924316406},"rotation":{"x":-0.21927201747894288,"y":0.12401638180017472,"z":-0.028103044256567956,"w":-0.9673681259155273},"size":16.841642379760743,"orthographic":false}