{"cameraMode":{"drawMode":0,"name":"Shaded","section":"Shading Mode"},"sceneLighting":true,"audioPlay":false,"sceneViewState":{"m_AlwaysRefresh":false,"showFog":true,"showSkybox":true,"showFlares":true,"showImageEffects":true,"showParticleSystems":true,"showVisualEffectGraphs":true,"m_FxEnabled":true},"in2DMode":false,"pivot":{"x":3.314004421234131,"y":3.0839991569519045,"z":-0.9679508209228516},"rotation":{"x":-0.11906637251377106,"y":-0.02977883629500866,"z":0.0035735659766942264,"w":-0.9924513697624207},"size":12.332773208618164,"orthographic":false}